
		{
			"AreaName": "D_Castle_Outer",
			"Type": "SpookyArea",
			"TriggerType": "SpookyTrigger",
			"Data": {
				"Pos": [
					6852.97,
					0,
					11434.38
				],
				"Radius": 250,
				"PosHeight": 30,
				"NegHeight": 130,
				"InnerRingCount": 2,
				"InnerPartDist": 35,
				"OuterRingToggle": 1,
				"OuterPartDist": 35,
				"OuterOffset": 0,
				"VerticalLayers": 0,
				"VerticalOffset": 0,
				"ParticleName": "graphics/particles/spooky_mist"
			},
			"PlayerData": {
				"AroundPartName": "",
				"TinyPartName": "",
				"PPERequesterType": ""
			}
		}
