<?xml version="1.0" encoding="UTF-8" standalone="yes"?>
<events>
    <event name="AnimalBear">
        <nominal>0</nominal>
        <min>22</min>
        <max>24</max>
        <lifetime>180</lifetime>
        <restock>0</restock>
        <saferadius>200</saferadius>
        <distanceradius>0</distanceradius>
        <cleanupradius>0</cleanupradius>
        <flags deletable="0" init_random="0" remove_damaged="1"/>
        <position>fixed</position>
        <limit>custom</limit>
        <active>1</active>
        <children>
            <child lootmax="0" lootmin="0" max="3" min="1" type="Animal_UrsusArctos"/>
        </children>
    </event>
    <event name="AnimalWolf">
        <nominal>26</nominal>
        <min>22</min>
        <max>24</max>
        <lifetime>180</lifetime>
        <restock>0</restock>
        <saferadius>200</saferadius>
        <distanceradius>0</distanceradius>
        <cleanupradius>0</cleanupradius>
        <flags deletable="0" init_random="0" remove_damaged="1"/>
        <position>fixed</position>
        <limit>child</limit>
        <active>1</active>
        <children>
            <child lootmax="0" lootmin="0" max="6" min="2" type="Animal_CanisLupus_Grey"/>
            <child lootmax="0" lootmin="0" max="8" min="3" type="Animal_CanisLupus_White"/>
        </children>
    </event>
    <event name="InfectedSolitude">
        <nominal>50</nominal>
        <min>35</min>
        <max>100</max>
        <lifetime>3</lifetime>
        <restock>0</restock>
        <saferadius>100</saferadius>
        <distanceradius>50</distanceradius>
        <cleanupradius>100</cleanupradius>
        <flags deletable="0" init_random="0" remove_damaged="1"/>
        <position>player</position>
        <limit>custom</limit>
        <active>1</active>
        <children>
            <child lootmax="5" lootmin="0" max="0" min="5" type="ZmbF_HikerSkinny_Blue"/>
            <child lootmax="5" lootmin="0" max="0" min="5" type="ZmbF_HikerSkinny_Green"/>
            <child lootmax="5" lootmin="0" max="0" min="5" type="ZmbF_HikerSkinny_Grey"/>
            <child lootmax="5" lootmin="0" max="0" min="5" type="ZmbF_HikerSkinny_Red"/>
            <child lootmax="5" lootmin="0" max="0" min="5" type="ZmbM_FishermanOld_Blue"/>
            <child lootmax="5" lootmin="0" max="0" min="5" type="ZmbM_FishermanOld_Green"/>
            <child lootmax="5" lootmin="0" max="0" min="5" type="ZmbM_FishermanOld_Grey"/>
            <child lootmax="5" lootmin="0" max="0" min="5" type="ZmbM_FishermanOld_Red"/>
            <child lootmax="5" lootmin="0" max="0" min="5" type="ZmbM_HermitSkinny_Beige"/>
            <child lootmax="5" lootmin="0" max="0" min="5" type="ZmbM_HermitSkinny_Black"/>
            <child lootmax="5" lootmin="0" max="0" min="5" type="ZmbM_HermitSkinny_Green"/>
            <child lootmax="5" lootmin="0" max="0" min="5" type="ZmbM_HermitSkinny_Red"/>
            <child lootmax="5" lootmin="0" max="0" min="5" type="ZmbM_HikerSkinny_Blue"/>
            <child lootmax="5" lootmin="0" max="0" min="5" type="ZmbM_HikerSkinny_Green"/>
            <child lootmax="5" lootmin="0" max="0" min="5" type="ZmbM_HikerSkinny_Yellow"/>
            <child lootmax="5" lootmin="0" max="0" min="10" type="ZmbM_HunterOld_Autumn"/>
            <child lootmax="5" lootmin="0" max="0" min="5" type="ZmbM_HunterOld_Spring"/>
            <child lootmax="5" lootmin="0" max="0" min="5" type="ZmbM_HunterOld_Summer"/>
            <child lootmax="5" lootmin="0" max="0" min="5" type="ZmbM_HunterOld_Winter"/>
            <child lootmax="5" lootmin="0" max="0" min="5" type="ZmbM_HikerSkinny_Green"/>
            <child lootmax="5" lootmin="0" max="0" min="5" type="ZmbM_HikerSkinny_Yellow"/>
            <child lootmax="5" lootmin="0" max="0" min="10" type="ZmbM_HunterOld_Autumn"/>
            <child lootmax="5" lootmin="0" max="0" min="5" type="ZmbM_HunterOld_Spring"/>
            <child lootmax="5" lootmin="0" max="0" min="5" type="ZmbM_HunterOld_Summer"/>
            <child lootmax="5" lootmin="0" max="0" min="5" type="ZmbM_HunterOld_Winter"/>
        </children>
    </event>
</events>