<?xml version="1.0" encoding="UTF-8"?>
<territory-type>
<!-- DEVILS CASTLE BUILD BY SHOTSx3 -->
    <territory color="4294923520">
        <zone name="Graze" smin="0" smax="0" dmin="1" dmax="2" x="6895.18" z="11413.34" r="300"/>
        <zone name="Graze" smin="0" smax="0" dmin="1" dmax="2" x="6939.90" z="11352.09" r="300"/>
        <zone name="Graze" smin="0" smax="0" dmin="1" dmax="2" x="6960" z="11163.8" r="300"/>
        <zone name="Graze" smin="0" smax="0" dmin="1" dmax="2" x="6823" z="11440.56" r="300"/>
        <zone name="Graze" smin="0" smax="0" dmin="1" dmax="2" x="6930.75" z="11967" r="300"/>
        <zone name="Graze" smin="0" smax="0" dmin="1" dmax="2" x="6558" z="12035.3" r="300"/>
        <zone name="Graze" smin="0" smax="0" dmin="1" dmax="2" x="7728.75" z="11932.5" r="300"/>
        <zone name="Graze" smin="0" smax="0" dmin="1" dmax="2" x="6688.5" z="11125.5" r="300"/>
    </territory>
</territory-type>
