<?xml version="1.0" encoding="UTF-8"?>
<territory-type>
<!-- DEVILS CASTLE BUILD BY SHOTSx3 -->
    <territory color="4291611852">
        <zone name="HuntingGround" smin="0" smax="0" dmin="0" dmax="0" x="6868.45" z="11443.47" r="150"/>
        <zone name="HuntingGround" smin="0" smax="0" dmin="0" dmax="0" x="6973.44" z="11425.00" r="150"/>
        <zone name="HuntingGround" smin="0" smax="0" dmin="0" dmax="0" x="6819.84" z="11435.70" r="150"/>
        <zone name="HuntingGround" smin="0" smax="0" dmin="0" dmax="0" x="6951.57" z="11342.85" r="150"/>
        <zone name="HuntingGround" smin="0" smax="0" dmin="0" dmax="0" x="7154.76" z="11318.06" r="150"/>
        <zone name="HuntingGround" smin="0" smax="0" dmin="0" dmax="0" x="6968.10" z="11424.52" r="150"/>
        <zone name="HuntingGround" smin="0" smax="0" dmin="0" dmax="0" x="6812.06" z="11374.93" r="150"/>
        <zone name="HuntingGround" smin="0" smax="0" dmin="0" dmax="0" x="6939.90" z="11536.81" r="150"/>
        <zone name="HuntingGround" smin="0" smax="0" dmin="0" dmax="0" x="6911.22" z="11388.06" r="150"/>
    </territory>
</territory-type>
