<?xml version="1.0" encoding="UTF-8"?>
<territory-type>
<!-- DEVILS CASTLE BUILD BY SHOTSx3 -->
    <territory color="1910952871">
        <zone name="InfectedSolitude" smin="0" smax="0" dmin="4" dmax="8" x="6896.64" z="11428.89" r="120"/>
        <zone name="InfectedSolitude" smin="0" smax="0" dmin="4" dmax="8" x="7030" z="11350" r="80"/>
        <zone name="InfectedSolitude" smin="0" smax="0" dmin="4" dmax="8" x="7012.5" z="11633.8" r="80"/>
        <zone name="InfectedSolitude" smin="0" smax="0" dmin="4" dmax="8" x="6737.5" z="11423.8" r="80"/>
        <zone name="InfectedSolitude" smin="0" smax="0" dmin="4" dmax="8" x="6887.5" z="11476.3" r="100"/>
        <zone name="InfectedSolitude" smin="0" smax="0" dmin="4" dmax="8" x="6993.75" z="11498.8" r="90"/>
        <zone name="InfectedSolitude" smin="0" smax="0" dmin="4" dmax="8" x="6816.25" z="11578.8" r="60"/>
        <zone name="InfectedSolitude" smin="0" smax="0" dmin="4" dmax="8" x="7123.75" z="11413.8" r="60"/>
        <zone name="InfectedSolitude" smin="0" smax="0" dmin="4" dmax="8" x="6875" z="11496.3" r="80"/>
        <zone name="InfectedSolitude" smin="0" smax="0" dmin="4" dmax="8" x="6885" z="11310" r="60"/>
        <zone name="InfectedSolitude" smin="0" smax="0" dmin="4" dmax="8" x="7080" z="11602.5" r="60"/>
        <zone name="InfectedSolitude" smin="0" smax="0" dmin="4" dmax="8" x="6705" z="11482.5" r="60"/>
    </territory>
</territory-type>
